Samson (Advance) GL073A (16.00R20),59 800,https://my.tiu.ru/remote/context_ads/click_ad_v2?token=v2%3A4tSYXvCBXzw5uTDlSXaiTdTOiSt11aERS4mFcr4_QdZyngApv9a5urigeZqR2BbXHxRokNEE1mvmK6XjSahE&campaign_id=104310&product_id=420758981&source=prom%3Asearch%3Aserp&variant=&locale=None&prices_param=&region_id=161015000,+7 (922) 797-96-89
AEOLUS AE21 (16.00R20),84 274,https://my.tiu.ru/remote/context_ads/click_ad_v2?token=v2%3Avs2cyBXda5qCT_uWiFyXzNMrU8cTZmS69WtX-WXkRr7TkO8Kmke19kdKw8GlmpAhqfbmeC58lS7uucS-77Y&campaign_id=104310&product_id=420758766&source=prom%3Asearch%3Aserp&variant=&locale=None&prices_param=&region_id=161015000,+7 (922) 797-96-89
Цепи противоскольжения на колеса 16.00 R20 лесенка 10/8,10 017,https://my.tiu.ru/remote/context_ads/click_ad_v2?token=v2%3AqNZafNHVzQpERHss22w7Rkc1EWqcvPP6vImaut-njuoS4kp5FwBn9kP9TgCCzLhF4wy3kBg1B2B_BPKVCFBo&campaign_id=99167&product_id=309873565&source=prom%3Asearch%3Aserp&variant=&locale=None&prices_param=&region_id=161015000,+7 (385) 225-17-42
Цепи противоскольжения на колеса 16.00 R20 сота 10/10,35 458,https://my.tiu.ru/remote/context_ads/click_ad_v2?token=v2%3A9c_EJy6g0cbIPbMufrQ-FKva4iE7j0oZ_brlAFeoifEPaMPgUr2gPPIWD0DmCG88onuCRsYd3pzpLI6tR1w&campaign_id=99167&product_id=309889190&source=prom%3Asearch%3Aserp&variant=&locale=None&prices_param=&region_id=161015000,+7 (385) 225-17-42
Китайские грузовые шины LingLong 16.00 R20 D990 22PR,68 000,https://kaliningrad.tiu.ru/p4695128-kitajskie-gruzovye-shiny.html,+7 (345) 296-91-96
Шины Samson (Advance) GL073A 16.00R20,77 760,https://kaliningrad.tiu.ru/p309053779-shiny-samson-advance.html,+7 (343) 290-10-24
Грузовые шины 16.00R20 Michelin XZL,50 000,https://kaliningrad.tiu.ru/p346303422-gruzovye-shiny-1600r20.html,+7 (921) 993-00-17
Грузовые шины 10.00 R20 TT н.с.16 VM-310,11 000,https://kaliningrad.tiu.ru/p357504546-gruzovye-shiny-1000.html,+7 (351) 245-45-10
Шинокомплект 16.00R20 AEOLUS AE21 TT,71 852,https://kaliningrad.tiu.ru/p341295799-shinokomplekt-1600r20-aeolus.html,+7 (911) 006-01-90
"Шины Кама ИД-304 У-4 12,00R20 16",13 100,https://kaliningrad.tiu.ru/p46587478-shiny-kama-304.html,+7 (962) 603-40-15
